create table deposit(ACTNO INT, CNAME VARCHAR(50), BNAME VARCHAR(50), AMOUNT DECIMAL(8,2), ADATE DATETIME);

INSERT INTO deposit VALUES(101,'ANIL','VRCE',1000,1995-03-01);
INSERT INTO deposit VALUES(102,'SUNIL','AJNI',5000,1996-04-01);
INSERT INTO deposit VALUES(103,'MEHUL','KAROLBAGH',3500,1995-11-17);
INSERT INTO deposit VALUES(104,'MADHURI','CHANDI',1200,1995-12-17);
INSERT INTO deposit VALUES(105,'PRAMOD','M.G.ROAD',3000,1996-03-27);
INSERT INTO deposit VALUES(106,'SANDIP','ANDHERI',2000,1996-03-31);
INSERT INTO deposit VALUES(107,'SHIVANI','VIRAR',1000,1995-09-05);
INSERT INTO deposit VALUES(108,'KRNATI','NEHRU PLACE',5000,1995-07-02);
INSERT INTO deposit VALUES(109,'MINU','POWAI',7000,1995-08-10);

SELECT * FROM deposit;

create table branch(BNAME VARCHAR(50), CITY VARCHAR(50));

INSERT INTO branch VALUES('VRCE','NAGPUR');
INSERT INTO branch VALUES('AJNI','NAGPUR');
INSERT INTO branch VALUES('KAROLBAGH','DELHI');
INSERT INTO branch VALUES('CHANDI','DELHI');
INSERT INTO branch VALUES('DHARAMPETH','NAGPUR');
INSERT INTO branch VALUES('M.G.ROAD','BANGLORE');
INSERT INTO branch VALUES('ANDHERI','BOMBAY');
INSERT INTO branch VALUES('VIRAR','BOMBAY');
INSERT INTO branch VALUES('NEHRU PLACE','DELHI');
INSERT INTO branch VALUES('POWAI','BOMBAY');

SELECT * FROM branch;

create table customers(CNAME VARCHAR(50), CITY VARCHAR(50));

INSERT INTO customers VALUES('ANIL','CALCUTTA');
INSERT INTO customers VALUES('SUNIL','DELHI');
INSERT INTO customers VALUES('MEHUL','BARODA');
INSERT INTO customers VALUES('MANDAR','PATNA');
INSERT INTO customers VALUES('MADHURI','NAGPUR');
INSERT INTO customers VALUES('PRAMOD','NAGPUR');
INSERT INTO customers VALUES('SANDIP','SURAT');
INSERT INTO customers VALUES('SHIVANI','BOMBAY');
INSERT INTO customers VALUES('KRANTI','BOMBAY');
INSERT INTO customers VALUES('NAREN','BOMBAY');

SELECT * FROM customers;

create table borrow(LOANNO INT, CNAME VARCHAR(50), BNAME VARCHAR(50), AMOUNT DECIMAL(8,2));

INSERT INTO borrow VALUES(201,'ANIL','VRCE',1000);
INSERT INTO borrow VALUES(206,'MEHUL','AJNI',5000);
INSERT INTO borrow VALUES(311,'SUNIL','DHARAMPETH',3000);
INSERT INTO borrow VALUES(321,'MADHURI','ANDHERI',2000);
INSERT INTO borrow VALUES(375,'PRAMOD','VIRAR',8000);
INSERT INTO borrow VALUES(481,'KRANTI','NEHRU PLACE',3000);

SELECT * FROM borrow;